{
  "project_info": {
    "project_number": "419473855394",
    "project_id": "example-7fae6",
    "storage_bucket": "example-7fae6.firebasestorage.app"
  },
  "client": [
    {
      "client_info": {
        "mobilesdk_app_id": "1:419473855394:android:3b52d3ceae5130a81918fb",
        "android_client_info": {
          "package_name": "com.example.myapplication"
        }
      },
      "oauth_client": [],
      "api_key": [
        {
          "current_key": "AIzaSyD-x_cFVM49HB7rZWy3wLHKP6zHwVMZMFI"
        }
      ],
      "services": {
        "appinvite_service": {
          "other_platform_oauth_client": []
        }
      }
    }
  ],
  "configuration_version": "1"
}